{
  "AtomUpdate_1_sum": 0.3884139060974121,
  "AtomUpdate_2_sum": 0.4133106768131256,
  "AtomUpdate_3_sum": 0.4077877104282379,
  "AtomUpdate_4_sum": 0.4150172770023346,
  "OutBlock_0_had": 6.375885486602783,
  "OutBlock_0_sum": 0.45196348428726196,
  "OutBlock_1_had": 6.507059574127197,
  "OutBlock_1_sum": 0.45552560687065125,
  "OutBlock_2_had": 6.775855541229248,
  "OutBlock_2_sum": 0.466769814491272,
  "OutBlock_3_had": 6.794262886047363,
  "OutBlock_3_sum": 0.47027021646499634,
  "OutBlock_4_had": 6.759657382965088,
  "OutBlock_4_sum": 0.44213294982910156,
  "TripInteraction_1_had_rbf": 5.373836994171143,
  "TripInteraction_1_sum_cbf": 7.046637535095215,
  "TripInteraction_2_had_rbf": 5.826269626617432,
  "TripInteraction_2_sum_cbf": 7.022153854370117,
  "TripInteraction_3_had_rbf": 5.894837856292725,
  "TripInteraction_3_sum_cbf": 7.142710208892822,
  "TripInteraction_4_had_rbf": 5.796133041381836,
  "TripInteraction_4_sum_cbf": 7.1616363525390625,
  "comment": "MatterGen_mp20_diff"
}
